Timestamp (s),X-coordinate (m),Y-coordinate (m),Z-coordinate (m),Orientation (degrees)
0,1.812405058348391,4.229620257062716,7.33634559467164,3.3626957271000135
1,3.055632232467829,2.023197768697522,9.72715149916699,92.37046787858925
2,0.5330512018031499,5.040908244148766,1.74909951921837,26.997937711550133
3,2.110496740934589,4.395542967590447,6.054570968022598,15.051850110948838
4,5.876064233423573,5.823213564383469,6.2171245051289645,322.29177804303043
5,3.0379500999308964,4.300120324466529,9.746404190110647,279.495977840874
6,4.207650786051952,5.051797159117665,0.04188901008308821,288.1452575607936
7,2.82389279405489,2.956778630830099,2.7539161787620134,76.10909922221512
8,0.8737784911628996,1.0553772704647137,6.715299767425508,317.0768213202467
9,0.9794084189182779,4.242901266114251,7.0141883339093845,111.69616415748641
10,2.326862103848353,4.215793299435459,4.526591986375324,135.50804611711135
11,1.5609451240346388,3.437578574339959,1.0854659011675838,180.94836316462442
12,0.498114153600979,4.6105275888407515,5.1826293733987105,187.43893432713915
13,4.969932689338242,5.034676469898716,0.8149315834211834,320.20831006591123
14,4.690028846139155,1.864628184084612,9.054766602974324,83.21720953445943
15,1.6439022968459343,3.923987182204484,3.4438311657973673,63.99036757870442
16,3.3040270107359864,5.9591153712980205,2.1335511710881425,296.66403135294496
17,0.09092757445901678,3.5157787889397896,6.9687181093166455,255.51280754407026
18,0.19784879407715894,4.644356981018252,6.709151822515961,111.20819478577819
19,2.6809262256633986,1.8185337380047355,0.7476038270370311,177.2097982454157
20,4.371273360060775,1.248663688593502,0.006531158515394875,294.90596112196533
21,5.672796053112734,2.961241726778961,8.018101899900653,2.5795581757653974
22,5.460122583253523,4.045363558768053,7.574214126897391,192.6968941318553
23,5.0337667204249605,0.5379730119208785,6.190511409627042,1.721318672081087
24,2.4130352208018646,2.3030402032154917,7.474714433189335,94.98540733191963
25,0.9951115908686938,1.7359191430898446,9.706357184816872,110.62363358044972
26,2.277967772022045,0.9117764531586061,1.0518083928394872,57.43840275816477
27,0.813205597589864,5.8886487222806885,8.965990860866077,38.07853705776032
28,4.129917794008186,4.827407415809337,8.489750695190232,80.59191765708299
29,1.8075082178829203,1.2175295293964812,6.0299744148461984,201.25814868367374
30,2.96406383974701,0.7682770711511797,9.522161657764308,197.45961577418674
31,5.287613109179517,0.9105471599069872,9.705495039054632,123.56636194411192
32,4.2391435014260574,0.12033782520625658,2.9974854126276904,249.49117357940005
33,1.235834969264346,3.322289148847722,7.356088589702614,71.89743544538214
34,0.9249493627130152,3.0559738948258968,1.8817035086363043,281.1077473439853
35,5.820831780121279,5.946092858611667,9.587075494914941,346.53640724470944
36,3.3041977915908323,0.8283632983069287,5.6903068868842155,195.64729013478183
37,2.3517352008337777,4.527641078009593,4.236964549469767,259.1144281301812
38,0.4250319864483951,5.682166922457583,4.185058012178914,338.01669579262943
39,2.08181606907542,4.497811535134479,8.90518459108775,117.79473004098085
40,0.7382723419505746,2.825571503116521,7.013821189770954,96.9945275260202
41,3.1026347529257965,5.387568278910115,5.407839258502277,319.2630099563209
42,4.929059689206033,3.80776462047403,6.572967961803315,189.9526836331037
43,3.678832001589903,1.9122220790763251,6.802978475712237,348.7680882032257
44,0.14173702948020916,1.0715966779000774,4.135300574768816,189.6036649292989
45,5.3508078779402135,4.90991593922311,5.990722836975422,19.460567329373866
46,5.329872774889068,0.23563216880815596,4.942349808896206,258.87123672426935
47,1.5237187231625058,5.1478026373353,8.795574153626749,71.27917710801279
48,5.962655077064959,1.4574149544762707,1.7921884413018285,329.8983440944225
49,3.9204157658932433,5.739525591306951,1.6540487868050224,224.2463333265162
50,0.8881231988855893,3.273241256194795,4.114244293644097,66.0447083362747
51,5.348642524172199,5.288340400139587,1.6089302357605206,211.63822262578168
52,3.356380879466632,1.5457243078181753,7.893600007462385,247.25894843684156
53,4.333276416862782,1.926762966121174,1.072216538441445,41.54712349508068
54,5.603218314664115,2.4876191133234338,3.7364237352912655,169.01206673181568
55,0.6117479171921727,3.6484104961299355,0.8133370513603744,80.10435529016029
56,0.4246882343609828,2.142286569982274,7.108889952795092,30.6659549379877
57,2.0701411041937745,1.2846096029143814,0.6165609799287397,145.69977166886773
58,0.3391700437087677,5.776742439893311,0.17432188389679748,37.000717619050015
59,0.5255634193544294,0.7831887667844952,0.6863056615480001,192.78810031266354
60,3.7575614821202454,5.592337104043793,6.162031995585843,216.57156102556837
61,5.994993274458167,3.1865561130277653,9.008039330262937,218.1094107823982
62,1.305166994762202,0.7841381166358425,1.1306639560506881,19.7501821347905
63,0.4956833132762506,5.940988313374003,2.8542766956549723,221.56526150953965
64,5.804382993460399,1.5339111488762225,2.3800302099909376,202.07361714640814
65,2.8110633633011286,0.9680298077357583,3.885480719498009,7.9220486000987655
66,3.8343669235436373,2.673996010790681,3.98235442247557,87.21902553705863
67,4.466606735490466,3.164365425252875,1.6583636952693548,236.78983778116074
68,3.857019451159019,0.7821308367597102,0.8964820566883336,206.81661861869915
69,0.6565566261491294,0.6132981160508857,0.7570546008979206,80.58234353665654
70,2.7480500685186615,3.637301970623346,7.7756605411883,63.16548756237885
71,2.4952205631473996,3.379255516538721,2.9441891275217613,230.46838319074874
72,2.9022142117598118,5.892346000851914,7.291750060548374,195.38567588297605
73,1.1995355074219405,3.8021838634353924,4.968165442923038,235.18355975765886
74,4.989263900395162,4.505688133908066,1.6271037228611396,319.6609860937256
75,1.1134063158787706,4.928109642215298,9.152823260122556,244.10854720487882
76,0.626819158510056,2.2783262003193676,3.147196092834821,72.86478429635044
77,0.549368342768332,2.4021097491736487,6.254079273282746,264.6571995719937
78,3.9369672969100513,1.6736913045427053,7.6983568900512545,63.04384246510102
79,1.5748651603340742,2.799066231724834,6.504639961259881,261.64791995805933
80,1.0659685192148525,2.2853019925956035,0.3953681812555332,256.1906302782009
81,3.7971118714660004,0.31553533725172667,3.7415673322780405,175.41579128263066
82,4.997593015368499,3.7100116641250076,9.704962189841758,87.31016384394273
83,3.733623239979909,2.4965313852720747,0.6913003184938982,355.2283341278223
84,0.33816590714275807,2.5590927872336517,9.977834375930227,142.74823979097962
85,1.5007899343507571,1.443000961922384,9.470745180631459,43.99073044623508
86,5.7051108345913155,3.174723636513981,1.7658521084780077,98.25926501473967
87,5.444081669196879,4.820000813158362,0.16390249466662565,251.82599655217635
88,2.638882133604694,3.6863298526365806,5.174204985772523,283.95349769530173
89,2.9421941150401834,3.4531190926206357,1.2353871873861466,329.5356045263984
90,0.00863751589749362,3.0657740947888312,5.122779474483834,21.78095515265273
91,0.789823828244705,5.767052601976776,8.902903325940406,11.92007080667012
92,4.341863037510066,2.3564684974517407,9.802163491629415,107.55020995237403
93,4.9852327310901625,5.928453483738831,9.04940521332714,183.20146901115345
94,1.7831904561470902,5.314798569225353,6.1204412154431616,247.82981813834922
95,3.3378296794458624,1.7308103431955346,4.562547285784328,159.76940251585677
96,1.499254784401658,2.249389905393726,8.65145873996161,72.70865241889693
97,1.1446206142283282,5.6186260901238665,1.6743322790827708,76.91844336791844
98,1.6603823640288369,1.2179246937934851,1.6437407466237564,39.86611193283538
99,5.028907981703165,4.323079981866787,2.1031613043731587,144.14081022900788
100,1.4844846994677845,0.85288283453076,1.9577877496252127,241.82534639501995
101,4.264885730372685,3.495329508577499,3.0449176457240767,271.2682461623449
102,4.358236462368712,2.6074950089025517,6.604432715415388,301.4717595434412
103,2.131747006218562,1.7577817848780268,9.902617225192502,122.52288676865493
104,3.161681237915519,4.419763989532649,6.386997977358254,354.8614137758029
105,5.169342007497428,5.1035939761815765,9.207184640018077,301.5819928795651
106,3.37993087007428,0.3512172089455965,2.8821156258130776,290.4782600340323
107,5.48551890124449,4.831747489206322,1.9553568337886629,164.73331954751507
108,1.8299339251557483,3.8562137662307303,4.707199585878142,284.42145380742073
109,4.765205604870948,0.22315483716342355,0.5710728982890467,358.31026503817134
110,5.037282582608627,3.3362303894210115,4.35667826668648,17.02843870093482
111,2.324084329861551,5.231263753320571,7.957299629865872,239.2223963719081
112,2.9785986722671964,2.8399777496245573,7.817738914321347,231.9744246021633
113,2.8650587414559117,5.958985812624261,4.914932154078027,354.4394566191955
114,2.5625426874328996,1.8356347152418095,3.4544858706237713,62.214690699827436
115,5.0306053935462955,3.1643253070352975,6.605125771379887,197.93048963121169
116,2.2453631506444065,4.284899171581755,7.948992809716813,278.9668055349834
117,4.113959352785241,1.7264429087740756,6.2193576361422975,314.1686023155019
118,1.352422877697237,1.5411046541431144,9.159651373138754,161.5905955041485
119,2.7936115339140533,2.1099511122836643,7.994969485459239,172.48110256429527
120,3.396654592046257,3.3466981009332533,9.87477676257718,143.05882301014807
121,3.2562562314450254,1.9256804004707075,3.5687540847757404,29.827481336285068
122,5.189601967882269,0.2699909345956817,1.7874176796237273,306.27530847859975
123,0.668456886073947,5.451739818706685,6.718382052657935,41.89516851027769
124,3.637214876020037,4.22144999407507,8.911945152831873,198.37929687967906
125,0.3853390137301307,1.3702232900636253,5.545739601503252,169.86376915531417
126,1.6871327058046586,4.021856125234848,3.263680111220432,6.4356275943089525
127,0.5211095182905776,4.208439244319342,7.426005869477457,281.05883596287345
128,3.258010288240427,0.9199136598220701,1.779138621052434,217.72091864152765
129,1.6477158995544074,5.794837559155999,6.886080544807227,228.98186553651445
130,0.08052391188115626,3.534281518413022,4.65635248390611,316.66757605570297
131,5.674570966144555,2.5596778008913796,0.21426510246634556,55.03882848231736
132,4.134310950578701,4.751873740779416,5.5003948200349715,117.70929916664018
133,0.7061493054187773,1.1978576004615744,6.382754864297238,282.46345199240096
134,1.262894433949808,0.3831902117914854,2.3728283381006676,82.19785448046079
135,3.791607287989769,2.711364872723752,0.5309240445117791,293.57064701707617
136,5.391848068598026,2.192296165365554,7.9670906293588235,298.85196670899063
137,4.544091629876379,4.70479232974044,5.047186380519054,194.65245903005123
138,4.785419281486299,5.208954105492263,7.471584033656232,280.13387758238093
139,0.8047759066257836,3.9451261274535105,4.739609832011195,100.87318622237166
140,5.16251003500375,0.915682316774719,8.925337136260703,273.39975422972043
141,0.823881017752855,1.2192425971101695,0.40233650632246487,59.56210102970296
142,3.193859324744346,4.831424929185802,7.332090586115649,45.094742981367006
143,5.287739382725649,3.1891265889312983,0.34511682723938897,273.8623594326725
144,3.09070387329308,3.801682390885409,1.2508170654796102,63.743052722802894
145,3.1253791003574554,5.769431614463914,1.307571318407762,340.6933930434574
146,1.6504411809917061,1.1557936119240098,8.688608159738363,343.05844832757776
147,4.974977273113007,2.5527978741651185,6.701949074631667,335.18104883267404
148,4.367013739152303,4.717973580271269,2.7053385174411093,200.37044908112415
149,1.5905710153426251,4.4607536129804215,0.4202155374437744,139.59454137313716
150,5.695322464909954,0.41677049970356905,8.010713024180696,221.6711051963418
151,1.3108654106067665,2.787005848514341,6.952454100269408,120.95380273461001
152,4.197093302885567,1.7450200178866846,3.7508363235592848,67.49902325105539
153,4.205854687285446,0.07324333307213116,0.2457868357901083,356.29240453824474
154,5.4421631265862125,0.7613019207099672,0.12884747803511343,127.82179263936119
155,4.321632864585143,5.636259903177368,2.8749988995788223,233.72600094328922
156,1.8410386182886114,5.117129438197613,5.802905255907438,271.1071639613498
157,5.957727629348126,3.826205319055102,1.1078897363257167,164.51624127435818
158,0.5072368013251101,3.139681952754478,5.811131603997407,74.92906107487518
159,5.526918976274853,1.4235503626035926,7.283381326180207,268.43102355228945
160,2.6716447813850617,0.23247902955599242,4.5636492142357135,271.24207254694886
161,1.1307270231011561,5.367168257393034,0.5689275832286644,305.4324256191841
162,1.722718708192464,4.592174763801382,5.92046135676891,152.6819753051206
163,2.944574265244844,0.5751280840719812,2.139821381866792,282.9823890641828
164,3.4424920889791313,4.683220197164697,3.142259433125758,26.671612080967257
165,5.733017000229546,0.10950035752346277,2.9459160210252424,79.35733228349906
166,5.303780375776885,4.708480220271614,3.739792266356382,92.71653136696271
167,4.440983723737569,4.105581416142757,7.560981804009193,154.96503489498437
168,1.8910586818835113,0.41928738320058256,7.348488422808719,42.354062648067824
169,4.71126463954376,3.4445509670266183,9.440342955180952,299.0300293819972
170,0.264978415318857,0.8079069906484324,0.6598282119848986,122.87872772013115
171,3.6656967980921498,4.185416580122142,5.522831419197094,223.01582451821116
172,1.2732881565347924,1.5577380782433667,0.498294504449871,289.5522610915093
173,1.5257768052911203,3.267684059343138,1.2644198191521205,251.4588439706387
174,5.153876450917583,2.8117491353282675,6.482829720583496,97.54072450720759
175,1.5647271810191636,2.574051079897006,6.4740534250100055,119.94509219943893
176,3.204896945435343,4.967554045023627,5.657873788841536,200.46531152961276
177,1.0391310245736536,5.139362071143548,0.5876089025187492,269.7708313173397
178,3.8493789499352395,0.7258208399393209,7.886547903626834,202.6681473471914
179,3.343410838109148,0.3676169908573026,2.034805548058661,29.573404137829776
180,3.6305732839781086,0.4121872465063514,5.921191895445794,67.62982954707708
181,0.7929099458567281,3.3723641091073393,2.5296974479462953,288.0590880337134
182,4.221250755935763,0.8358956634081729,4.196832388057032,333.9281454743341
183,0.789657541502248,0.22928700458867102,4.882876233177439,265.0515974530324
184,5.349769200760049,5.399509815397723,3.486230384153075,330.4715865415128
185,2.181543824347626,1.1830215989642254,9.59520280504653,226.15829823815616
186,1.92565939115643,0.8054713175172883,2.1576845980315964,223.606642202666
187,2.5557191603755,0.7712346709904903,2.5408630704695723,277.4145045217847
188,4.845222445564082,1.1509736751129056,0.495120802190675,134.55205781312455
189,2.1881440905921408,0.6472290396573788,9.295436788078176,205.67430307574165
190,2.7826135216222756,4.6993505404601486,3.094520768884065,119.1232380992296
191,4.602791391500278,0.9968015454741854,0.1562408187737263,344.3574347269096
192,3.506611745209134,3.8789899777012407,7.741519897465422,0.6643676576064328
193,5.828558046579987,3.052357437201005,5.561961466397907,210.78255569731434
194,2.7033692312144373,4.722442081464719,2.545282783652554,71.18733638334831
195,2.915295568903362,5.414912832070451,3.251501196433618,148.04169311926424
196,2.8777164780261515,2.6980781154465605,6.665879251566755,189.82544938588975
197,4.071842297908441,5.4074244657619195,5.042912851610501,20.67064080887061
198,1.1912438757179735,1.3375061528338363,3.2103531590743284,116.00989665201156
199,1.4162346339582885,5.258647912911192,5.895509077865882,326.80833426447754
200,1.531197104872195,4.424945845584437,9.152731910736428,340.84903856409363
201,0.9244514279791121,1.289741411111174,0.4533216805316853,101.14600076646745
202,0.8151407620029045,3.8039365171714623,1.0355966663576344,167.5919532755763
203,3.78205020691653,3.7459967613688,9.488771334525072,276.9797343956667
204,3.4573567549772326,5.09886165753915,2.3148605564187354,76.42376825415444
205,5.896518868193085,0.2910921544905092,0.9892808670292152,288.62051175819363
206,1.821108974547665,3.289192284592662,8.071672936020715,80.75433808964482
207,3.2406179485183566,4.976903571223188,0.1787531353533034,112.42637363654379
208,4.562639222552463,0.6568199330390863,0.1684912442110642,97.61162204887339
209,3.3240231238289084,2.1089254819377254,9.296286017311976,159.09186866910304
210,0.7152637962671156,4.148686645167429,8.66926423416751,217.7587511935422
211,2.6477209774194423,5.158959109163357,4.0594595514641565,184.83885944987603
212,4.193867351165789,5.954225396440446,6.670055409964121,346.093450922324
213,1.6374252962693867,2.9637220160400632,2.422868636521396,51.584012878776136
214,5.283967221928935,2.2747857694849225,1.1297429586690733,107.70473572876891
215,5.191339978623677,5.7422059878478,6.559951252408625,123.01606455309754
216,4.256428881424817,0.740604451082086,2.2970510335863414,338.21176205633253
217,5.470491058691385,0.5649989584241761,4.252739234214145,200.50373894937465
218,2.332198491905266,5.065258020433896,5.908935387462626,287.0788850086998
219,0.3265355182665546,3.346380920116225,0.2514420635207537,98.98738301194308
220,5.93339716170674,2.3865935854954254,5.817413939597546,7.191093981441696
221,0.6734113247455371,4.2073377033881485,6.782928917152314,100.55394542110795
222,2.3780892011811616,0.2329786458123968,0.6548305180267655,53.22229626385052
223,0.005685823087668629,5.281417946195202,1.507166988083174,259.70170777733665
224,0.8059786578834598,5.538844529641469,6.200992566442455,117.1139384487243
225,3.954704518960235,4.1219430705562266,7.223055880195214,276.86966607905697
226,1.107977578449014,1.1455428944168062,6.617381090961692,283.13955445070303
227,3.42448578801869,2.414298788725446,5.063108962149272,66.43810339704537
228,1.9818475872465182,4.204870192384829,3.9751877242741296,327.26766568771643
229,2.303380651302894,0.47870868910910547,6.659358651299031,18.531640366458998
230,2.476063303186713,0.992798313502774,3.941109964621888,308.1035301657353
231,4.814336301618193,5.867970086059934,2.031526070365055,7.035928595627476
232,5.727258048738053,4.13629030038943,1.8795318781086412,307.9314955368009
233,0.04151997671546259,0.5286189126974765,7.744453102759444,95.18741815988317
234,5.204569449169838,2.2810152593781816,1.9417351853856002,112.36919844638783
235,2.5702950599968735,3.9948987894531864,1.8759632968637274,308.3171974359119
236,4.917353061027622,4.477477100860952,5.921219490170367,111.37017767613033
237,5.988305857103413,1.1541849955399857,3.276933448057081,201.6227778028062
238,2.5873369264683532,0.8927076175721107,3.052624823055412,197.9495821566908
239,0.9413459859886739,2.3910548140391192,4.351991039363537,266.4879984206444
240,5.216568193311598,2.069898542992602,0.6579194446503811,328.3142795329283
241,1.482970175903628,0.14001204081614071,7.930537616378638,268.1056858271981
242,4.782683498532071,4.681567309308399,6.749104739356798,19.018333942922645
243,5.233229430042833,0.5615692614368073,0.36115105938030356,9.56316716157756
244,2.2176699599632927,5.253943335884827,1.8304647749690373,22.195019704642476
245,2.2331231385028163,1.395636016712374,2.3959588173132538,161.93079521962235
246,4.707094895468008,0.44616855248064224,3.4891873039802377,237.23473712119142
247,5.365065422047902,0.5237068680921753,0.5734287413131167,143.94452209695643
248,4.804289995809124,3.1622363087054373,7.230938782933672,213.17788336953726
249,3.5095633974072378,5.145655721598091,9.801402779672339,186.327629668056
250,5.299952567916626,0.08075919015324118,8.368121044625447,137.44338674254897
251,5.898966010682799,4.764744532502988,8.518445265218531,95.99005559412178
252,4.195915503693099,1.7498072124537267,7.873612280050675,185.52593681728808
253,3.193179148984787,5.67623982040794,3.9571692901375477,296.90163344596687
254,0.45544641265521624,2.597565627433502,6.1566644984371,104.82497779003945
255,5.5935692777039945,4.637186561758614,2.9682869501826756,330.92499355673124
256,5.507315626325061,4.787807835341167,5.260217428909969,358.75591289746797
257,1.749467732264353,5.0558258217327126,0.940393465121464,55.8055499237718
258,3.2032414647334297,2.9096891013654718,3.9994840735451067,160.01745827907823
259,5.780961356661388,3.5816248447926826,8.286348074031213,302.08377751090643
260,2.358238837595387,0.5268039633423296,0.2991572331262604,243.40573482407538
261,5.020526245658764,5.444968145141831,4.2393597620109595,330.76543556129656
262,3.2170684850458624,2.0137067143846075,5.269808918684169,153.34050348126664
263,1.682168305887977,1.509232818653703,0.6149381694815315,302.32332533784285
264,2.0600939035365875,5.658535158597114,8.878706244142059,284.89629200208344
265,2.6304199226403,5.455946451623479,1.7885423774228726,0.7182051180317472
266,2.399688602087857,1.5285312494217738,7.799537136008751,319.44605721686537
267,3.0454034087522484,2.514216238877953,5.124524024342792,101.59694452404577
268,1.9511007139489063,5.239763757555317,5.899740573585035,330.4090703871096
269,1.8531113756391817,3.8355769411259284,2.0315799388876012,309.5129809512152
270,2.566080916529841,2.822145451901007,9.790651533264818,58.1962677061861
271,4.603333579262521,1.2514738543212307,9.139013801176398,290.13142113512026
272,5.632512136102127,5.515587570991559,4.762250964348206,63.897459568068854
273,0.15899402690718678,4.977526057551117,0.1278423353859559,113.63132263836144
274,2.0156420222211855,1.8024852737183852,6.670409771312448,61.3800204809865
275,4.857155740402265,3.657914504712895,4.241127990793588,166.78214376006392
276,3.9277063960936145,1.7562898096245076,8.487243545850006,240.9966273571036
277,3.8897693061608525,4.658391428383211,1.5869887318202436,127.77919960273843
278,3.685233067295577,5.117479251692568,7.4929585629433015,106.71756444726097
279,0.7674189288330098,1.147567929540205,3.7681179990613725,254.69450381846607
280,0.16758923671147175,2.3300906969616584,4.112440952906015,178.59268491280795
281,1.3694540153821921,5.463587012379132,4.185260157160026,94.12914942575784
282,3.5445415330229517,0.3089911262267484,7.092113766577953,99.26281840038362
283,2.6229086410588853,1.6500816796377475,7.918492593545086,237.55479926610457
284,1.8864099046896778,1.1431608592986933,1.70330052792929,62.880467860132185
285,5.756299933691762,1.8894115624339574,7.6461986991250575,49.619710275372604
286,4.904648671485562,4.066470863481912,3.0021553111539614,43.36843858928239
287,1.2264598257440322,2.5888115903900064,8.092373382661567,104.00971206300669
288,1.9309928155176708,4.862408643223567,6.505008184857017,145.70637435878757
289,4.859869903241618,5.2057397546955055,6.854136803424895,297.1961794074774
290,4.301450686350566,2.635328362429574,5.954913128568884,298.49506907614847
291,1.5656039460558302,2.393305385009149,8.138073520895633,195.3812924395387
292,4.295268870001024,0.3332603778463745,3.789795952896524,55.44166934657171
293,0.1776119624149457,4.941998615745593,6.9795153873187346,281.3112478138738
294,1.3339675596996516,1.4915861166978976,0.27299515121904316,11.73644616520281
295,0.15943559795527196,4.310367181252213,7.380142325283103,144.65988873021962
296,1.262290056869314,0.12446585408974165,1.120403010783737,75.7178786253563
297,4.906030432956269,0.2523002360432245,1.2179214574964925,123.20016068900237
298,5.132988546641034,2.1704005642550848,2.6771998960575463,345.0871749926494
299,1.7880473581499978,3.5870624507433493,5.692109275382908,325.14690011252793
300,0.8438561854718607,0.21511303322892306,0.4060677402324564,15.952520149123002
301,3.3432046654064047,4.477464275317722,8.695954658220124,226.67995531416355
302,1.2079738801822595,4.2689107094935865,4.274432069084245,296.6081134974107
303,3.866719973781222,3.351968600664841,3.7466513900236995,139.8461289610182
304,2.069703725433018,1.3896993645919593,3.182497924390181,170.8512841929039
305,1.0853786751373633,4.213013315468681,5.035872227907895,278.44578246102117
306,3.9855195437873343,1.483691009027917,0.8777056928865945,137.03512627344136
307,3.723083699070176,1.7481391617714597,0.22276673517639511,347.8692297780792
308,3.899197762745981,5.055563061419855,6.110491512007679,274.0170353978088
309,3.188316692684701,3.2573258446690367,7.576392223345261,345.5816666497107
310,0.2578219697412645,0.7829958690747871,6.320779387974427,300.9099291630723
311,2.9037484084200664,1.128647852435415,0.94191763980921,51.30766021468507
312,5.705915586884506,4.874350400361277,0.44311576050606205,108.46633807473208
313,0.693953902180444,1.443379518447495,6.321467409445722,95.4360127299188
314,2.322818276124936,2.504860517425708,4.757970938196405,58.177439280759764
315,1.1397313060423075,4.147794143397119,8.959299729390539,194.6396633208055
316,0.5787375362368137,1.8804517638815978,3.034033732026833,131.2557456599454
317,2.510506640855791,4.405267169734318,3.193938325879796,76.55312646217449
318,2.537002588319719,2.1336912839499145,8.730537607817588,304.5923224992329
319,1.5248335328056428,1.8143600032658627,5.33759214728058,293.5776407960708
320,4.609145904181673,3.5905324538010053,4.3525231059236855,33.21642618495251
321,2.3714876051996256,5.176106526462269,7.471309943587967,225.58525376406928
322,4.120368473239562,1.9739889441519374,5.196300311542449,97.73404129255977
323,5.267594087143626,1.8009121049692485,0.7601361774047644,67.89341654460907
324,2.951072615549169,0.17375811186176815,0.8364785135538133,80.01517055868644
325,3.268070435535975,3.5059998210512124,3.55352902186425,86.61342951782986
326,3.2532329057801803,2.678411255047407,3.7244699044361553,183.02575218472953
327,2.7246772083555904,2.4075741798326638,2.6413541559113463,64.20250950399917
328,4.320164466723123,5.832698119713495,1.289634267030696,123.81360714742446
329,2.7578398679699547,3.271832946182142,7.443381981286667,337.47043624975817
330,3.0096980141314997,5.251724726825788,3.739892800911816,189.2256378885384
331,0.20460826402709342,2.0134798953032975,7.212450615065511,16.653726832731547
332,3.2956269818481188,4.682835271043145,1.0705390861444497,315.89961895630177
333,2.6395024300507,0.5497006883887627,3.533004692459225,220.0242497302491
334,4.925348949940174,0.7756537550792497,9.611233483623025,49.648988355714145
335,3.9685645533228384,0.27925343139467396,7.348721121587615,115.13249320596536
336,1.9412881751399356,4.182245434206943,9.183291058461784,166.40101772409386
337,2.3966466185626363,4.1684223799363265,7.549454946379898,212.39557689011087
338,5.874202461813834,0.9747196894909982,7.069356606605403,83.49314083091427
339,0.6283595734222573,5.705743654637306,8.150451332743371,154.4432004384697
340,2.706855272345713,4.611525351688061,0.8061396460217674,259.6664319607598
341,1.7667111962694961,0.9078433959340235,3.6535245496155424,335.07420657469726
342,5.970188728153675,5.376076359553402,4.320296715958931,243.45739292412733
343,4.73129212946477,5.955000323596616,2.9625437321914863,8.256239327625568
344,5.767958758999133,1.127334529672136,5.719231292400336,132.99235953931986
345,1.1516044176997018,3.43011666476671,1.5031413947472583,324.26438221444727
346,2.4954526598877056,3.894863284306085,1.2268438919241165,213.61610546629254
347,5.297799808907909,3.5285769396227584,4.746201319351744,275.9935866902116
348,0.7087740557348836,1.6749788752819599,9.282066574348649,351.7690456669231
349,4.143542557434436,4.263205547914004,9.399453529689568,53.650357553080255
350,3.2786317898568287,1.1466216097987714,4.797912399043201,142.25812573494764
351,2.8387080189609346,3.6369951380110783,4.642961379886842,287.25985016913756
352,0.49736563885105634,3.8293729801902305,2.5624781186175474,84.50466062122953
353,5.1191800008465345,5.933214284042175,5.5712901544257045,209.61815518829857
354,0.05922119457866959,0.5113683313191233,0.17429899356826928,98.61532953314806
355,2.3804044807479308,3.800491675758699,7.004855822779663,103.96423459886086
356,0.24231219660339054,5.487171254145084,5.950357568705393,348.96055408073
357,3.144649385566262,2.2900544786275363,4.445396399605148,254.58802989584277
358,0.6728427590568491,4.664542441845291,8.190665773698283,351.4206665214255
359,2.7893669983990437,2.3208432882910275,8.266867180283962,250.9806051068286
360,3.7265828575799644,3.576172218926191,0.6417907251629351,195.80620260510852
361,0.8432755543331762,5.991803402644861,4.989040076816485,259.834127024951
362,4.59459633008083,1.8811804887919028,2.6265839609550614,44.02768375266766
363,2.8808979113416155,1.1795401937876642,3.4321756631126057,204.64962850876844
364,4.526654340599466,5.668447538321492,4.933967034853328,24.607289453492548
365,3.270714850132726,3.507469354831273,9.179645136979547,187.8612515032092
366,2.2792194615357104,3.2875527980472565,6.2925846670882,63.923258523945
367,2.114443436839415,1.8288064445888823,9.136929793438894,111.74852439712052
368,5.968871593690599,4.052647755441145,2.7262139542130024,321.12665835041327
369,4.433954937266705,3.689860056351348,3.67538810990955,276.2575285924727
370,4.75905339371846,4.491635275438186,4.471865906334064,310.8058621420054
371,2.3834882869904943,4.806209960325301,1.8298563226812026,328.4181775637016
372,0.5751148980152534,5.589550543288483,2.7122306175013144,152.6168096537289
373,0.2996580821288528,4.173003055945709,9.358701252988627,323.72177015387416
374,2.4751429719069344,2.420260637705959,4.5149408544707414,131.7864484987695
375,2.5635792659565113,0.08415138483841567,7.638644905516308,160.7520485871115
376,4.512217347654941,1.0084179398813407,8.43454971943213,160.70280919748996
377,1.6369870375422824,1.106446300943829,4.243293888631426,27.227789509896493
378,1.2924020241765386,4.808411140581075,8.711201002286732,140.89295886646514
379,4.018258672367109,4.770734640580349,2.8348768629735375,245.420569511497
380,0.7850599026847787,5.233147853012055,8.927394603787834,82.88762021488797
381,1.4736347526702065,4.843419107439263,1.602171319848349,250.47487256114687
382,0.1301852462333153,4.410501718893905,8.271734646449662,208.22433178721306
383,2.522461548111907,0.22259609894402121,5.998066684491605,81.14194318197084
384,1.5969050623650531,5.196729850424182,0.5060015165554255,28.43951096402519
385,3.6813752549785597,0.7301667676017536,9.170193479819229,347.6808423689029
386,5.532343167814936,4.485300452328399,0.5254393394104506,254.20568892208482
387,5.722021843566974,5.93690210963368,9.049810940542722,97.50737162882197
388,3.417956157703025,2.5332707746627516,2.8700563115468682,354.3460323080329
389,5.320654917391342,2.2725443695639225,6.255121810403353,219.60535507617925
390,2.841189664062708,4.995009276560142,0.5602690657061427,149.84699708077497
391,4.745747302327015,5.2668399879358665,4.659391339038882,27.678835252198077
392,3.0687945248672865,2.5296921325107844,2.7913621990745607,252.30720933990958
393,0.5939597821851621,2.9902097099457308,6.448682647684078,265.3201778687789
394,3.820462304812845,3.3093714525958715,0.1034413178117799,286.2828836386139
395,3.7189645908292372,0.4870178176147939,4.665724765976584,247.96007522439805
396,0.6834124877281988,5.925932856942591,1.7584145810466378,153.0390503762937
397,4.885084668915527,3.7291792683576164,0.7138431397159084,350.005050117284
398,5.602794496427352,5.946938011239119,3.9207161342402164,122.17887477309102
399,2.335716428891156,5.797985549031493,7.551528412866637,251.43263968447866
400,5.847907324855575,3.6716425252912184,0.859272767525765,340.4773859514251
401,1.930707125101416,1.474199279248892,9.961747401745756,212.39589535473766
402,2.4374959122309714,0.9049582566473864,9.769417073369853,255.5455772117748
403,4.567776689189367,2.5700428150762904,3.144052837826705,293.4373737604764
404,0.9981104122296565,4.612035200481381,9.384801456695609,132.32788321418067
405,4.697649062422509,3.2088967760651133,0.9683284815257587,57.191373673717656
406,3.1565331800983922,2.6487060922004075,2.2270296019447313,75.2443231925802
407,5.096754736467372,2.8650548792672224,2.6911192654735405,13.407106315630042
408,1.3511925718935178,3.2937564473533905,5.2666315990207,69.03167696617295
409,0.33498956990666673,4.105995149179646,5.3591033585572205,29.62894109934359
410,0.17430731953937273,3.102405195881494,4.395763763558343,329.4349502067117
411,5.235363334091559,5.980645809232902,7.697967147933546,61.613567221196135
412,0.9395845479611133,2.272771684006478,9.644976556084991,292.7277885725647
413,1.7189626711180204,2.0571770181188165,0.8758544548623781,132.8886123535196
414,0.6376412784177097,1.0840406661838982,8.35714024064073,233.04465836512568
415,5.9402462473850814,2.9672185193084424,4.9960582544505385,158.1798764489023
416,5.3907530930032355,5.832215310601668,3.287706759310481,152.4789812147858
417,1.563434078691653,1.4535687651868745,5.731489804039249,13.617370473114745
418,3.6985188360619263,0.7111514920299062,7.84658744523815,185.5073750783984
419,2.5274428183792663,1.3741436738115005,1.7878622649038278,187.13885044888255
420,4.271677604122507,1.361121342123635,0.8256603405717733,199.6882105730953
421,5.545400862229256,0.5737607479620255,1.3328051142174024,112.24264061520583
422,4.574187520775503,3.4102835708165817,5.172742061548003,4.389553672836675
423,5.172402468357877,0.07241309765958825,2.913455857192482,30.8016924838082
424,3.677107592103603,2.375634189643254,3.083414314964532,28.81966997027401
425,0.98411443491602,0.6426387327944083,5.1803229687971255,234.16031076635855
426,2.1987908610121574,1.48593508432003,9.444612985115437,284.09911895698326
427,4.330049495321677,1.3932555230232921,9.249662376481853,304.38244006152075
428,3.4557779999570473,3.5326196184963847,7.17417111937203,209.673295534233
429,2.6844663019683193,3.2154096759382806,5.009313297206177,86.36377689134049
430,0.6696264568032644,1.6579792071759214,4.783700744540243,10.796400227911956
431,1.9397867633337724,5.380166118491571,5.847806533306342,321.8836785034073
432,2.8922799515237654,4.157378819112948,9.405312767333271,235.31651729590885
433,4.959382673527168,0.6635397928774014,1.6055811454037139,197.2307767319753
434,4.382587322101109,1.106778777806293,6.536180732063964,271.6922178174322
435,3.9179578936171424,5.48639210560329,9.430134011184537,103.80465781758176
436,0.8643254082600733,1.1396227041157185,3.637231910594678,305.612312030857
437,1.609150575450379,4.713950170773402,0.4521975870658901,28.286608131746295
438,3.760533077546346,2.646675337680051,4.971105382332044,268.6555865676255
439,4.01398630520657,1.993164488323676,1.5700715918871722,232.15364364648696
440,2.767486070131185,4.320882460641072,8.289653861832303,334.9374658311342
441,3.1473710387485987,4.2452789275533975,1.7809542232715192,76.51262901249046
442,0.2889764581180503,4.029299478295467,8.678960938340897,172.72707376696778
443,1.6277767295270713,2.277402561296853,2.5500642342060265,82.02743070070319
444,3.601388615935744,1.9968968291421796,4.911409225513727,255.9348029297953
445,1.5302088612730447,5.118713646591794,9.929239595405768,262.2777180679192
446,3.1561847585113263,1.7103101748051046,8.100693832975299,208.32975412649998
447,2.3556738794393346,2.9295865165299624,3.9348288197311696,130.49639032640684
448,4.377198131996664,2.0177044896534526,5.662845693825713,327.07029727713933
449,3.863246971639418,4.54134874476386,3.7708775750200294,77.44831452052692
450,0.5471879731481353,2.2674797298435734,0.07657897430328853,351.1477650623528
451,4.014361388331462,1.2264708701588816,7.079171743364364,358.3886839162524
452,2.7317121704158707,1.4770418224787887,7.707334965895345,259.98182024822654
453,5.810173733395361,0.5293885695528575,8.675190570842817,37.38172964294483
454,0.16132317253193418,2.815176624244978,4.803784548747049,301.4235673821986
455,5.2020912853116075,3.2619168487479797,7.127503405641441,123.20270110775817
456,1.4497127690185254,1.8779143779354193,2.248842114325819,232.18100691051583
457,2.931353020192895,1.1504406240998553,9.435878474465051,275.97436246067934
458,3.080123995074057,3.049999286530837,7.3186625498605515,176.93950540014387
459,3.137118914165827,3.268623422128747,2.11136743404568,221.48124601547136
460,0.22166920186103178,0.18358427239237018,9.873743098918657,54.451140508468185
461,1.2117281145799212,4.91069532930785,2.505523319336821,84.13792212073054
462,1.2305720287897703,4.046391670891262,0.13878764692848544,300.77704218200813
463,2.045346241724779,3.184136061540001,6.303443948224578,130.79884354534445
464,3.945662396193141,0.2273934329733618,7.7275955761822495,258.0367749115555
465,2.816492991328222,1.9802588237879704,6.328950596952183,42.897083383965146
466,3.8730004966720486,2.543148256901792,5.8295902415596546,251.66762376215826
467,2.064612294785312,2.4003519153925903,2.780095135518059,254.96384727773307
468,5.951489868002764,5.785583426352718,3.8092098158406564,231.89684355018395
469,1.6330790315087027,2.983449683024946,4.213161798226352,153.12689740602792
470,3.21744603353433,3.287402173682999,1.051340756660869,151.06803785934193
471,1.4201136878270446,0.9867873693454576,9.923437565717919,325.6296354471105
472,1.6466291592081133,0.137202706847094,5.7554128374110665,130.26542468668382
473,0.5812352582285987,3.60320049439839,5.322229719739031,284.2140302795434
474,1.5020276362590803,0.4121779045486553,7.739150299346868,159.60028073899906
475,3.6114984574102573,3.0586751053210737,3.4004580456977775,226.42842215027275
476,0.13930182676671454,1.79528678519317,9.061580937837075,281.6355125912976
477,3.7164961690805356,5.233732606287116,1.959609629885447,211.2507259341023
478,4.863267103513469,5.815477197118842,0.6147013805637414,284.84989192635624
479,0.9774385306811613,0.03278298961663384,6.086694176482995,239.14370548032528
480,5.668774614859583,1.5773282089408946,7.156482090043025,302.4871922807897
481,1.0406010981798557,3.48312755441079,2.2245742653477683,49.830289679296655
482,1.9788978435803957,1.9565126077974917,3.694090197255371,194.42162242247647
483,0.8147833747347184,5.028645580269879,1.5993733751189743,145.50106470043997
484,1.114287185142456,2.246406950865574,5.182816312234558,165.2816674970715
485,4.111786944457658,5.555316866765841,3.4408956201442953,296.20525281239344
486,0.3286373811866039,5.269995141303312,8.009907758325852,100.91605872323737
487,1.7181224143340768,5.593521876450309,1.0690730577306484,173.1018870193817
488,1.7801918834889086,0.36121309065920015,0.71097195002774,18.261528088314325
489,0.3735638184353818,1.1290413591576942,5.586221899083299,214.48118867161912
490,5.923598397394479,3.2822010833412563,5.757081330597726,115.6033286577554
491,4.712524105900787,0.548042965099597,8.736855813980394,111.41863588392026
492,3.842565401461294,2.458636576527104,5.8929672330080285,222.76658179074178
493,2.3891128304035787,2.0739208576490435,6.830790509145186,353.17286597423697
494,5.072919339242345,1.3302114499686952,9.892051313341927,127.85555303168628
495,2.918837011318696,1.1712434814945398,8.277205649577304,62.89293062761712
496,3.932177171629859,0.9930575347194472,8.461289835171847,154.02022859138876
497,0.6276752754775754,0.8081611687786106,2.614085484392782,68.86374459414743
498,5.895061667937543,4.299645918556671,0.16986046900707596,320.5277051046218
499,3.1902371050067595,0.572649957160841,1.1374284646611266,268.569686055331
500,0.5175554097222141,0.2893423187434123,5.084444740902947,30.606570344781588
501,2.094952508762473,3.7303588171691167,7.037639625015807,323.92313360170266
502,5.964667170195601,1.2662117559106187,9.318025803668222,334.718533587042
503,1.6010240110900271,4.744772463327285,5.354964360921214,24.609827427871288
504,0.8585070535567287,4.901600661320127,0.08958515476021889,193.14664905731152
505,0.2537686562219297,0.9057516711463278,4.593715268789841,89.53634835786471
506,4.1201007835638865,4.041343703214062,9.359579644417972,53.81294719204641
507,0.8924585015901905,5.456855033942211,5.98017117478559,304.67110504951916
508,3.75627373070313,3.1107149689755014,8.762263361521152,195.62658047328682
509,2.9207850720193242,0.9433296429728384,4.026332089212885,308.1248503764381
510,3.6040732644615603,4.754423258058868,1.499770595800125,282.90581221201046
511,0.8634884308702246,2.062134965848416,9.553403560140556,287.0138312262651
512,1.573475207745855,3.4770855309062307,1.1854944301949655,4.221970164184703
513,4.89680086703635,2.9540451714285796,6.495180454229352,240.7810887380798
514,5.162919223360667,0.5904554904111916,3.6411598424195457,70.76062430411757
515,3.07766764373178,3.0211418580511893,0.033759154800581115,207.77320416467623
516,5.146616004811924,0.7465912001566237,1.9451655303223614,33.00037217483376
517,1.6648798148666377,3.544997111139645,9.498654350030511,306.92462257487296
518,5.29184325444063,3.6793131161184065,3.089024840025413,0.8018862730129506
519,0.815639396641753,5.870475564164042,9.005935954755977,30.09641991827907
520,5.640033755187784,3.641062408555623,6.916677911547845,275.85991538991976
521,4.27443082227533,4.763556222618799,7.3933265805311175,321.2025017604803
522,5.080183128659488,1.66928698411019,3.6403308715191818,138.2961234730896
523,2.712128065213519,0.9296595404180608,7.447925354536819,33.73870873193586
524,2.5199935472233306,1.8764235732462708,2.3208444669840746,81.90526943774884
525,2.345451847811924,1.7336987459670807,5.747389930960463,302.34927327992125
526,3.8802960462267313,2.148108780953116,0.07781656702175455,303.2452950401754
527,2.711690907911433,0.9007925040413549,3.316296496207424,349.2396638053241
528,0.19667648274610872,5.2752791328888735,4.342023054252637,226.83437772869644
529,3.7368543232249154,2.5450754666184814,1.7364758157281934,141.90045195629662
530,0.34902660434995325,4.7060193925850555,4.675026563934662,31.5002707564611
531,3.997553968527691,2.1957353666048904,3.119359222245195,46.487821692661825
532,0.9186058227395579,4.963025451053413,1.2371343396043477,36.25371974638922
533,0.5809319440271634,0.40804407080275285,3.2309310774959235,333.28729714406927
534,1.9296885163838546,1.9320213541203723,9.585367503652986,268.83854604702697
535,4.619087422835711,2.8944772984271867,9.143657295857718,148.27027749017975
536,5.751991855378243,5.257977615061278,2.400469555903715,291.0192272954714
537,1.201826244458141,3.167254350577422,9.218057714205427,188.90101044104796
538,2.172727060646607,2.0104086000570813,0.031480773932991424,149.48012625382913
539,3.6598796470708246,5.315462446783937,8.972117044180434,350.8504704131754
540,0.6111678982657172,3.8213969180165925,3.6791585687250072,155.0541606021839
541,1.3796866437343052,2.1576718623697415,6.861299540949726,229.9854509288393
542,2.345141482031421,4.591511068252574,6.445266568974086,276.55894242613175
543,3.3417904083049104,2.0702581983239368,5.674584514407412,205.42946737494827
544,3.6871401229500087,2.4653891089373676,5.276180724153994,47.59839557074103
545,5.963454501057561,5.925400306351416,1.320460950549931,115.98021125427661
546,1.5597617696510289,4.282185464676682,9.15400273783834,36.17315722163088
547,4.946252530730794,3.108260836546327,8.333500644682028,58.17617995125728
548,1.2410565552959643,3.3722772500205416,7.595423626986051,318.121376811126
549,0.6003801550730214,1.7833807042143275,5.665549518858576,85.49312412272378
550,5.191156315493824,2.1114443324865855,2.412541856203514,231.23522068500762
551,5.053448358634617,3.0724429195507574,1.1258075489000208,79.99590717637722
552,5.382615680385383,5.944728363329701,0.19312034541669854,147.06842665574305
553,4.9314073847606945,3.6578947654093152,2.0284040684612714,109.7929816594033
554,0.5729435922443917,1.1304102650676473,9.365365399719195,153.43894519337434
555,2.6818985575176617,3.485493903919644,5.784670375525564,62.41042940287185
556,3.314614385750487,2.6725924780062167,6.607527291386286,100.35928394121657
557,2.238432449456017,5.774015321149025,8.273612093998633,358.9082300168688
558,5.86467166681386,5.003174632891815,4.276414069922839,23.27168984515893
559,0.25199953186357527,2.0034722997288865,4.457357258509845,35.706359185257
560,1.942619692626977,3.916679101042194,8.415077493786077,171.51487965096987
561,3.8300330033646715,2.8914932565831926,3.6237960967426206,237.8239892388635
562,2.8923598616983828,4.652498909411556,7.2840170366256265,170.06344891206442
563,1.6819784043371047,0.27245469549242984,2.662380382650583,31.29277410243072
564,3.233168807478595,3.8353164560321478,3.209287263103234,300.3093962054238
565,2.071234743642493,3.255281511367497,3.927947839814503,20.854479688445654
566,2.2145781484130715,1.7889086574590245,2.557016304861329,192.53136037210228
567,5.125131326301093,2.817717359219616,6.698095082021142,104.6790255107641
568,3.7460223331256093,3.797856124956323,3.775046584172591,339.82646604044197
569,2.569828026026006,0.7028430899023108,3.01668550349135,341.24591493503846
570,3.748545430431104,4.9133461574058535,1.4299693406442227,264.8438152480881
571,5.856697499641445,1.9882929333255073,6.552892902303711,280.2520362559895
572,1.6047840542041147,2.6821878357664413,8.829082273451883,108.05624151502433
573,1.8698884528932571,3.0270794424842067,7.266589013545958,80.32818749389332
574,3.9872527903448707,1.7396170939415672,6.055380717417518,342.94437087678943
575,3.3436185417880226,3.4392817008681495,6.686118489150008,227.73175221866725
576,0.40663588318564403,4.821169994205997,8.699083709757572,20.270963946122503
577,2.5534545990930164,0.10662812856666348,0.5611296864969095,358.86562963656206
578,4.635075937028208,5.651296924778601,9.158437796349144,337.7841449860045
579,3.0407197019122583,2.406706688005305,4.6974298926421385,297.7030852561039
580,1.696406906337455,4.459690390462575,8.163850404224792,112.49620130552515
581,3.440340514861375,2.616929058439971,2.693672757265708,39.22346661207135
582,0.33738070027075073,1.3129805611076495,9.364913067723377,114.55415015287288
583,2.996820603188386,2.415076268871024,4.291416389506275,166.95202640415712
584,0.17609705034174494,5.0867325307213465,7.372108824867972,272.5113581362454
585,0.6424747944755982,3.09288234613956,6.8558798506565255,66.24625451534378
586,3.7656413765043983,2.744749699194765,5.162969131094125,212.80578929855795
587,1.9667628552986045,5.990132290433644,3.1975850323904176,143.81137854357956
588,2.7200978118155312,1.5220387967427813,8.427491418492796,58.027134118635686
589,4.479312923160231,1.172553634208294,6.769420866768256,23.738032829887846
590,1.2913593589372945,4.599743822960828,7.084015428929423,288.39442047030053
591,1.5718007087303798,3.9130276935611734,3.1825834627869587,217.9244421106891
592,0.3613176676195049,2.0165704821115162,9.352364467063088,194.38687909614688
593,3.606538766901032,1.0478703770494393,0.9004726887826808,279.41542707702905
594,3.867157596070374,3.907610209191388,3.0259378766710388,80.01420039102398
595,1.5557911093237307,1.0354361299816084,9.227966779510721,169.94476773400905
596,5.0951551130939885,0.9660067631516089,4.772944270087698,249.14402863184017
597,0.40670903523212765,1.1849966177115454,1.9105635266943943,345.2398007942511
598,2.522134380853379,5.26132303629139,1.2133754571944277,233.83557327457282
599,5.738856181336728,5.959323160672505,2.127131643586353,27.484083037357628
600,2.3509588702027404,5.328244099675269,3.9795089743456877,331.67758069117485
601,3.464099898360219,1.3817438516341602,9.595828594304738,264.671462611248
602,3.216155915803288,0.8326406147277965,8.488193816751291,319.87454840265434
603,1.9780578940661624,2.876957409469723,0.8317745215967198,197.31275036110327
604,1.7905381589826643,3.680097072529839,3.2559913743353475,107.03215074800008
605,4.433683803256169,2.5679685003564154,2.2993253597932775,226.65776615514233
606,3.715331777031386,1.6377128281348832,5.8937043645844165,50.409783170867385
607,0.8370776371978397,0.3208346019621482,2.223062244983188,102.92376858186992
608,4.106053008710095,3.0237431929126144,2.357043711409178,312.02257865798583
609,0.2667600576361209,0.4945095407758908,7.4060834434179865,57.28520357720712
610,1.5055648922423364,0.2589842271001739,3.2491991098486075,17.7234559152649
611,4.59305021605076,5.146969083899149,2.183024105596285,29.14038594785557
612,3.0515297902708403,2.245841940139695,4.910236952430739,300.11185508606104
613,4.42498395833443,2.355817696126989,6.484189068820431,206.65188856781643
614,5.113079596147452,1.104755592883417,9.25949439200921,263.2427696493543
615,5.449311323104389,4.852437444927717,2.8458386787292955,265.97604180884525
616,3.033894462633746,3.4691093573974587,4.973505636687165,104.48316597709223
617,5.101196658419327,1.9052960335783016,7.266214834128046,354.9682030589485
618,1.386736580382405,1.3946558104493663,4.93912618049327,184.2160475061483
619,3.9200498275660607,1.4456120611613317,3.457305673080544,232.173361281426
620,3.9870453551746188,5.669484624727004,1.103542054826071,167.51447888579776
621,5.5328610500639765,1.3447491829270748,2.971502091121004,189.47743912682404
622,5.0707565901250895,4.178580701129313,2.911235211023361,164.60825852401837
623,3.116237247281883,2.295509782341737,9.100911100027568,65.53597308821293
624,5.008502235754844,3.7212700394864178,1.0264601536510787,41.590716566464764
625,3.243817632912586,3.0319605244588352,6.079556439441255,193.43709575022558
626,1.9080661580918012,2.7280177863157595,2.451941208976992,73.62424184396708
627,5.970874751010388,2.978154673513014,7.267893042399898,271.36056826657045
628,5.157682193372895,3.2631158589107563,7.594583424039094,27.877189930405617
629,5.275313054804358,4.744805436050188,1.1667581612431455,132.23240374956063
630,0.646855916223221,5.785979515348118,5.627766801546349,323.0869365189885
631,3.5189234693334934,2.7296618510669823,5.83088128937373,22.207065255350244
632,2.8696092548984726,0.7432677245505517,0.033214192147660304,189.46435166452898
633,0.7082423698121714,0.25840584006542344,5.2322413539538095,220.37366853361044
634,4.58767799792808,1.9103914080516806,2.303481835390447,84.5676739805031
635,3.6254149180673734,2.624281407170691,0.9994837057113637,106.81269267237212
636,3.446086657218747,2.766855081289113,4.15229860716055,168.91067641150278
637,1.1392838941635552,0.23707667865055893,4.840519534588519,218.98006044083166
638,3.7338295365835004,1.3751627118262837,6.40622624574514,76.4987246801267
639,4.3805307919217,5.210197756462242,8.965171048458421,134.00793570499388
640,3.524446373055129,5.981081909853901,6.1076713790592425,61.39741533492196
641,1.49399953002386,3.774863035249835,2.8882189206503295,233.75930813603995
642,4.382727930471333,1.9444172198693195,3.1299741891635833,38.78292704718397
643,0.2753898647466737,3.948515981551318,0.5504520851656791,124.19696507632777
644,1.329974280021583,5.0209610372804665,0.9599698758595288,249.50787273339108
645,1.951283698014538,3.9734385001468127,5.9877649524777885,188.17390967599303
646,4.08868255867161,3.857595992791504,7.205657056670995,138.84988267940477
647,3.1205048070078525,3.580138807068363,5.486697800411207,90.18564000216168
648,5.603098296268978,1.2714819256235776,7.648543774423777,324.90803985514106
649,4.919065198464128,2.7199253049874104,2.7975735181232766,170.91712309226943
650,4.058841836449127,1.16230686111831,3.2805490763082226,324.9233436441432
651,4.007385097774605,4.638265327245336,5.175896789531294,52.010832626182804
652,0.34470273675740803,4.106857575754167,1.4102406164200842,286.5430845647765
653,4.58200242459655,4.174774106304528,7.1118549034172815,243.95210201317965
654,0.5552113764038538,2.8442243526763846,7.572734787939654,234.8790482912531
655,4.2596514135410946,1.0032113866799703,5.770658588899758,161.01003062721927
656,0.647831026789712,4.709288905297783,6.5665207016038565,265.74705647057783
657,5.791213214193156,3.547381450514826,3.933711746435644,173.8835145380925
658,5.912468930860347,2.92402495788959,8.096634946035325,261.3230371764984
659,4.7162676525522595,0.5353192107058864,6.337502251396899,320.75178284166117
660,5.061569191904098,3.158290375253682,0.21347634302469332,225.68244323946757
661,5.6810654714746365,3.1497914674103806,7.473083753807559,128.44564212949575
662,2.113222534326112,4.073442114833635,0.37734365767899236,357.6997557524452
663,4.947056829734886,0.1856133461579863,7.4176850022151255,358.5360821886485
664,0.865091690596133,4.576372890745983,0.05894131563757954,192.17830404949586
665,2.6223512955547665,3.491029864448396,3.411790198828193,263.1997873032224
666,4.823593531371935,0.5349908142946647,7.7062659912704925,223.89868403811576
667,4.793255552917144,0.41481566400180725,5.380602575044103,207.8759335412197
668,5.175425732252628,0.8705693029931469,7.828146687036997,162.92441061812687
669,0.36038146159796147,3.6836840558732957,8.811890661056598,20.263157616371167
670,5.580865745327214,2.162303806153144,5.506275506808256,279.79414092569505
671,1.846919402067146,4.699843899325269,7.313782506143774,351.9851065745709
672,0.039711805397703026,5.683265340179512,3.2508362387324508,146.29622791995308
673,4.089686735013367,5.023015795788615,4.646526316213668,261.3806848443209
674,3.065046747441494,1.2622490229160568,4.1319895157551345,40.36506738930307
675,3.554483372659031,1.3628088212109508,5.144483110297298,136.70896851694653
676,0.9336050046913105,3.3955478779258903,9.671040613773238,312.57712609165003
677,1.2308965548082378,0.8352618444399971,5.7978046360916515,351.66001407680494
678,4.542485734799969,3.9889706909937095,6.402899097702383,162.01767747123606
679,0.29931550157143216,1.306676561324263,8.543975210343836,60.46570208936204
680,1.2947765049074578,2.9750509534361904,7.936447371311815,144.85608994714786
681,4.070051795072823,5.017410057355874,9.822993937306224,355.3744439455165
682,4.699449296158157,4.677486141980863,1.071261370817862,64.17454760805653
683,0.5288244504939732,4.807805220872311,7.745865497934296,223.29308883772313
684,3.5892866184976313,0.41126085082529995,3.125150315557408,333.54206078057996
685,0.03994239848339909,3.6313105391946756,2.631935783406262,340.6375013836453
686,0.9033305548841053,5.395641388085123,9.797035604138655,282.3760183707833
687,1.9891599707540928,0.007516601989650873,0.029202467888385097,23.703501117589152
688,5.970912722364375,2.384789666982753,4.757134776005719,110.04603921854212
689,1.499918685117318,1.672295690816156,7.894269373822579,168.05498733250576
690,4.392027854599214,1.1258289223307663,0.1928771681691599,221.02904877023073
691,3.160783374285128,5.735140336077101,6.146166206404312,212.40906164460327
692,0.23167200902189777,0.7395026946096419,1.5707323949229501,139.39186953464863
693,3.4982289722977082,3.4693425053182017,8.578868419215041,277.89510048518054
694,1.9172308169340906,0.8639258309683258,4.510223307704749,27.205840977553002
695,5.565592839039847,3.0736019764981224,7.974938257368846,199.38512868795905
696,5.737356627414211,0.7998275232425169,0.9803568521036166,159.92440214739412
697,2.764137729842475,5.883580527200086,1.130940199362993,231.84630297242916
698,2.2319491252164667,0.5350607642367133,2.285712915942286,125.65610524311005
699,4.8833912840631,5.829906381959145,1.4815877422403523,234.75516160346712
700,0.6750753894873338,5.347403524057528,4.587417412336885,293.6550753279995
701,5.321434409243151,5.387451391126026,6.894633799117259,59.85784027770211
702,0.859436778330078,5.739265790775116,2.4528723399933625,37.259469078009325
703,4.72318169702751,5.807119234024219,1.7605494934519428,105.66170326480811
704,4.7266305700227536,3.8568057614193894,8.963731465990433,39.82057781644405
705,0.49696322805828697,3.884953635906852,3.0980977267483922,252.0887753198026
706,0.056020387639792224,5.48411841629955,6.99820558971844,329.1485961533273
707,1.0235576350082418,1.3344481450116843,5.682149785737946,305.897371649939
708,3.491202493389924,3.7504973027447335,7.174837078912462,269.64550756210764
709,0.7646532236980672,2.710825678587098,0.05236068914053149,104.98559280994023
710,4.443142307268445,2.984049253553165,1.2736606233765912,31.87393922124503
711,5.237512235533262,2.4765483288008663,3.865211051919278,33.502130855001006
712,1.8567894309050434,0.31510139519983293,2.5856088284505385,309.7723835656403
713,5.952333170569759,0.10074063515221199,2.531811262179231,261.66303478575
714,5.078202162156633,2.583875732374678,7.668720218849306,175.51470227793868
715,0.09628878561611454,3.616851034137295,2.6633557362868334,233.860904216187
716,5.341562187158606,3.3170606417183794,1.7702426040093489,91.12608232686995
717,5.3605091469480675,1.3247873679463842,8.263072564246876,296.70870026674675
718,1.6955346003526381,3.251348398326834,0.32772506808851576,37.11947386459385
719,4.185168059415701,4.661088797318643,2.111474494806116,195.1523023218917
720,5.812925707077666,5.682867935471558,0.01111025482364969,305.07460175864907
721,5.324083793282831,0.24344000976607205,6.400869617419659,225.12749110847284
722,1.6832509264225335,2.0389375667461285,4.693944706134742,141.81821630944933
723,5.689982141998526,1.1226760891718295,4.405019949541892,276.2473436007361
724,1.8652959567794514,4.114641067250549,9.804438715660632,90.51125711229864
725,3.614928753145011,1.2098851940358266,8.829942766241057,10.685678703128353
726,1.1422546524423585,4.742920709072349,3.9311001155282077,251.65995271610285
727,2.8242419903498703,4.327759051115258,5.014151658982513,89.52338425552851
728,0.2665132114488109,4.1689261509549365,0.0621818071033331,41.21034278698243
729,4.471124955545402,5.37625286920423,1.7285036940700627,9.81718624609691
730,3.194222044850505,3.0750618209656437,6.977033401763652,279.0397619490443
731,4.683931338410829,0.848023957974726,3.4967395725286354,153.04610022579402
732,1.867133310503172,4.311512115049776,6.104453392465903,245.88197120942837
733,5.105738794834736,3.453275213852042,5.364034907237167,68.24834842449472
734,5.956893176029749,4.895081263969682,7.089757999554738,106.55392718581318
735,3.9822039981478587,1.1975218802765586,4.063062386392811,300.5323332882126
736,5.074376433356646,2.276809907871952,0.35609845309923505,259.65432522420457
737,4.6418115401609725,2.936825348672977,1.9440319393679828,31.078269151314156
738,5.991204511229451,3.208522628913208,3.0401914211656345,31.18422231868064
739,0.38133876794605204,4.9222314599135935,9.421284572141385,60.15831826165985
740,4.463143136401906,5.28956660330443,5.554050369764418,70.58919313854281
741,5.617938492574309,3.1045735559667387,4.019303294470601,238.30190886653787
742,5.143125529796269,3.6401917874091274,4.137169869140384,135.95884860051203
743,2.722012604500973,0.27867268712811644,8.528512253449263,142.6055067852064
744,2.679882518150892,5.128084188941237,9.719545326436705,278.466825502608
745,4.551748783550916,3.315046708438878,8.722111198089435,252.69614762397148
746,3.2058346781183413,5.503245118694972,2.736018198228601,285.8737614980298
747,0.37781106075567905,0.2789234672648526,9.636799974706353,156.7061206894003
748,0.7929134600198293,2.9863927494188993,6.8741224237907,143.5661151361924
749,5.213550327264365,5.004112901469364,8.18271188200875,78.97460335518696
750,4.642466571078546,3.190000533198039,2.159259726730122,66.2438455790483
751,5.376213315026121,0.27242690679832937,9.8658223168072,324.0086875230744
752,3.8171941496757116,1.943511474524066,8.17072080645579,207.1566176060519
753,2.275448163329947,4.746105536172228,0.6084019339802715,265.7973515832021
754,3.62036748771978,5.795393430772525,0.005751667866626953,200.93733542320476
755,4.67354159396269,5.453775860426284,0.7982608308206907,15.288492557935353
756,0.32609487140264326,5.737892831021279,7.126478056082331,39.91392751761056
757,4.389281954016992,4.378989697749941,3.999452919826182,67.76000101518012
758,1.434179984116298,5.008207017914979,0.6976003127328978,65.02080905456461
759,1.3368929988576028,0.9010615759734961,2.809185851678416,36.5709399085755
760,1.8753908925914147,4.2635212196330725,7.788044652896575,266.1287150144326
761,0.6663856352739352,4.980934796370907,3.8797645189688277,211.02584090399142
762,3.3632132954949623,0.23795368346838242,1.5406958429840911,219.7546839657037
763,2.899735147200584,0.9069768639054072,3.776962747762825,129.35809727940497
764,2.607869729355258,2.503820971901865,6.637775781777431,166.75709117844573
765,2.990094452791713,5.005599726859478,0.23213611965851033,300.2812712872501
766,2.480745811228763,4.82940526509179,7.802156023803851,329.2244506194598
767,2.763057609392992,5.510467755319168,4.823036432054293,49.42113715504986
768,0.09040205743524488,3.6614300586928534,2.9076088614201403,276.46597495623763
769,3.1608026008504773,2.6095237914661764,2.547151161926534,241.3079303995269
770,2.6056344565979743,3.5484699617963145,0.41592737336916374,272.7183499658888
771,4.677048940129726,0.5772449055060427,6.199964197144392,326.6402205563858
772,5.780923978465692,5.008520267284163,3.932016391956894,341.40132205270146
773,3.7004122272610305,2.3318716683164284,0.9726427930432546,82.61066320576849
774,1.7688354079104667,1.2733505954426645,3.1023705864240245,147.6768889461921
775,2.4971425703877537,2.2958897025972584,1.549455628701164,137.52154123419854
776,3.4541463834562576,2.4510290573222306,4.980177268544192,12.81389443329088
777,0.7079460319810702,1.1668182097914062,7.3218152550504625,299.7233186584813
778,0.050593590873049266,0.9444229123891132,2.6807462153320794,335.4448420852007
779,5.403717264840622,3.91741713947596,6.368153181654749,65.31867417484948
780,1.587231860379898,0.5513531665398499,0.15092910117874947,164.04969642585596
781,2.2478471163539933,3.1117568311518786,8.019447033137212,0.40129512906665443
782,5.143571820213394,3.037254080198638,0.18287637260128164,227.89182608307527
783,4.259477773328415,2.395179085549879,6.384987203199145,41.35498196631871
784,5.014755529913606,1.7816327646623875,8.42139451570776,210.88064842489712
785,1.710938771548398,5.3114013881438495,7.309985911072479,39.617518871373775
786,4.911897323440575,0.536154540504383,0.016856811078402867,128.91558635495724
787,1.6531936563682306,0.7178989747192766,1.944606653800861,318.9203752784496
788,3.082380100827737,4.3084413154371735,8.690560854689497,168.16992808392686
789,5.683155001476773,4.696674812377449,0.8516993114302462,102.82393557070039
790,0.7063180831830245,2.889593516107652,0.0322718645636455,77.6501770113787
791,4.545388894501429,0.39436906442361463,6.183975200048102,122.96152859727282
792,5.74333276066997,0.543167210082437,1.747484188552777,345.29613179616706
793,2.941055122403644,0.9378484334676571,9.80555120327556,112.1143587768405
794,4.825132860408741,3.727798453599382,6.161555703327108,350.55985029414126
795,0.18140052322825606,2.957031858877906,6.853187938659637,51.507609288041245
796,3.933263037927432,2.4570625385739238,5.626995203066124,285.0908569128258
797,2.9516817331550627,3.530051307351969,7.449305388309874,119.09972732920556
798,0.35882450988610115,1.0516671052604791,6.4761538958991025,154.8300850082871
799,4.94097181235662,0.7149408008207792,9.886624774759406,314.20166054727247
800,2.5371665183212677,0.36543929717614354,5.353471551337724,64.91365680613208
801,1.5299917819229578,5.25899623594865,0.8118346314805069,285.2305422203068
802,2.328378672496259,5.670390597348703,6.38722826244699,82.52188932245843
803,5.847814215588276,3.1087003243048335,6.41849608296432,262.61563804867035
804,2.103346046420997,0.055259802504429745,7.516998896795737,55.33215535536004
805,0.8244901065316312,1.2960437371427147,7.830274582288319,224.82852283983203
806,1.8264483844867345,1.9357324738225783,2.116493286641189,328.45617654380806
807,0.5308446027024856,5.999624336460564,4.084064005938533,1.0652268290129951
808,2.5901212297107565,4.715165164688113,6.7225269228757085,115.24764797889391
809,5.235866036460552,4.223984409314795,6.454082229811315,237.69374115755855
810,5.696486615161376,5.085677781363639,1.150024973836753,108.35828935649585
811,5.1066376424655875,2.4229310206177637,7.086626497427653,240.21347682241242
812,5.57519362874473,3.653942154869368,8.521062192175123,121.11629355808392
813,5.844740794215876,3.233745886488294,6.441693205411413,138.34120219172738
814,2.4613512770109702,1.7517957499494348,3.697101164698754,341.4423369104322
815,3.1438219190434578,2.4427714762879424,7.88223688386328,300.8586059085453
816,4.854689924451866,1.5189070946710366,5.103325141176006,103.225092888851
817,1.0826540909044609,2.559988838708681,4.33510904412328,79.16449430046612
818,1.3600884470445365,2.1689864065337634,5.536880698356259,171.71622955233926
819,5.3189786093313804,5.5883866943767595,1.7036922219222639,234.45315245701516
820,0.9408461406069022,3.0366216802155037,8.662015882861365,212.01169215659854
821,4.8661209936342935,2.2522465672296192,9.7700627386951,309.3316969847084
822,4.2560610064559485,2.5059249709649243,1.8456756702920685,86.98347619565509
823,0.7162153846173105,3.6887435336654866,0.19710148972458041,320.5115297223509
824,5.186804582815387,5.4125855961624305,5.446648942772336,32.98749986802113
825,1.1556056104225818,5.294663010328241,7.551307378790538,247.4895921516097
826,5.858530998782541,4.182595833590749,5.340561236091112,74.51416733430736
827,5.888276385270403,0.46407867934723623,4.056487812833646,90.75281904250815
828,5.973255270151316,3.37451092451374,9.67866031987292,348.93985429122137
829,4.409506386718211,2.415766507735799,0.18985081204195287,298.22803737320123
830,1.378444341256949,3.7942355221907866,6.480514130698701,232.46023515929124
831,3.1447567224220423,0.8898016876461621,3.0551261137834205,242.8904079326558
832,0.58037192862524,4.291691238525541,5.805711204541248,248.0043467268533
833,3.4354847679954656,5.4266642362247195,9.262803481994673,354.8796745015096
834,1.1588616360310886,2.8166690122563196,0.8682636984353009,231.69142791613115
835,0.10009560814181118,1.5207307814071855,6.8601673520670445,121.4244144771438
836,1.195111464918421,1.6980464477432837,1.0207947012491814,82.03014273708473
837,0.4494992443298367,1.3794814300604066,5.328308568403716,51.071587718757186
838,3.0390304358822577,2.3897545969896976,7.187327039901828,73.56403130807493
839,2.8653122290002107,0.7019341849032148,7.535812031103766,149.4627003304698
840,3.874911427876753,0.8076548322965349,6.198768893925851,206.1233229445191
841,1.9967454825048923,2.720990875033462,2.3480029042078163,213.23265237014823
842,1.3415796190547913,2.141483154633862,5.095965824119717,278.3904680145783
843,3.714736549000923,4.830283208877996,9.336529565243609,258.7893184092936
844,2.1531461001571444,2.665523679263915,9.173006777628366,56.04109348078542
845,0.60131715215927,2.478436892036182,2.5800965946995422,163.32511707280528
846,3.929761774123772,5.294335157791062,8.781351698441927,118.7591779041357
847,1.6952859124678463,0.3885533193733337,7.605455895279204,324.87420112896535
848,4.747369163439765,0.09680330942280979,6.771196270671444,327.4402096213727
849,2.75785044562799,4.2927436408851305,9.853395187021441,211.01206238164977
850,4.3080270599011,3.3759279856203896,3.4996775502232538,331.42883416996096
851,0.8027229492433658,4.983575695070538,3.649507965167045,285.9770588262807
852,4.682561138350479,2.943200976674145,3.9401588189144254,27.652444066683046
853,4.653972021381342,5.267919582351959,6.187196894349562,359.8213816887834
854,5.647728825317687,5.885942646789806,4.204112304999404,348.9893149058484
855,3.8337248019482186,0.4593916548028547,3.4976678414824036,199.94930988463082
856,2.3614346647070192,3.246565160734063,3.334439116958694,63.45589888488381
857,2.13398378027858,4.636153641629768,0.3314636403450444,280.1661010637458
858,5.659886540247286,4.819345119270063,1.8684344616089388,226.39412102389628
859,3.949390399787665,4.731984277016443,9.819386993095625,14.83309456475476
860,3.23528402524664,1.1317126119186234,3.3947858387734087,198.0537593672811
861,2.9998178900135803,2.1584470908340787,3.080208751957164,26.429461467886945
862,5.254826801408829,1.6080582502334348,3.878063212850089,54.36331488577944
863,0.6201289899569993,0.5646995372698163,8.375075209111237,269.79187880921364
864,4.502556551476807,3.923025967396145,9.398003866419572,264.81529718927885
865,5.519068499165801,3.3560728271887816,7.926951674746282,100.25207307374235
866,2.574115814813436,5.103210677282539,8.138739173361806,43.38969241733079
867,4.203168715395294,1.3088936780136926,1.0265230674732495,346.63029596538456
868,2.862278380161067,3.942351119210804,0.8025281855461697,223.31176283908
869,3.2816008868050064,0.34950297698845856,6.11021677189428,29.49775414560616
870,2.3109961830095975,4.641997736512137,5.877617408060121,144.96413609128854
871,1.1954470103022432,0.017299069519166377,9.379572590159457,203.15459913370648
872,3.9624625439419203,5.170748635167301,4.845032794066268,199.08564546954398
873,4.666205443691448,4.978144806426371,5.532482100433155,185.34837017239605
874,1.4970669828044454,3.018745826422837,4.2294251522833015,31.883953381937435
875,4.95953035220976,1.718087673539924,5.924988274620869,297.6158979190001
876,4.113373404686077,0.24888091148354108,8.599458968020873,153.92318549071857
877,5.9533181868314315,4.334429850738531,3.712872705132461,52.08354100116738
878,2.7648857333038297,1.516517989750578,3.1666076904608897,260.66808252491546
879,4.0485695163129405,4.002617654869046,6.135351647822562,309.23663143604745
880,5.655099140611643,4.616095731224412,9.866725531956082,75.74929042396033
881,0.27330578487572965,0.295298570891789,2.9159518275730245,107.25326806164964
882,1.06797567607101,2.6439955040013734,5.478979314881998,357.75202046546025
883,4.7982467668590925,1.3961757750479618,6.599659139124259,237.74923598617812
884,3.5026455597259263,0.6013091981976719,3.0658459719070583,146.01601823776383
885,2.0722530773827605,3.910344937841467,5.048270127105665,162.74003318428112
886,4.407074243918249,2.1384745339949367,9.152319581810715,319.9543083920413
887,3.125888087299969,0.12151498183377285,0.1836598158868208,56.38478930532286
888,3.2158565735203406,4.4026230430435795,8.701861442039108,160.07585456061312
889,3.5084872944707968,2.0941777715166863,0.6368574738730104,98.96949731836742
890,5.19671182995223,2.2591857333415977,8.863128696781036,238.17210525267697
891,5.417655615900703,2.240656397367721,0.6840144310449936,45.60924014191479
892,4.858283270722312,3.644500101755626,4.159562092717345,242.11011584949375
893,1.2177056132468405,4.158358522462079,9.150115490981012,26.81379953173058
894,1.9543074871034372,3.907590491786957,9.492161526182318,340.70295761625715
895,5.9651626606874935,1.4233169584140115,4.899166335892602,287.39633191631947
896,1.715275735997016,3.8799069227942042,3.69099597720247,244.45071070482982
897,4.858620587815693,4.095880830238778,4.965102403315883,81.75460249535786
898,4.5754554503107965,2.601654156739796,1.5746819612281848,72.56064792991026
899,0.46377095177348004,2.3084892445557017,4.3246004413259795,283.9238105358849
900,5.240937061379764,3.725753091727386,3.889591184912251,97.9959320504303
901,5.790669767818999,0.45708840181731736,8.799320090039789,251.5173456413346
902,2.7468226697486147,5.059614619926636,8.922522456322353,61.8537365460851
903,4.775066413213409,0.28540504346818696,7.022825789001079,228.86370889700308
904,0.37631262660508935,5.804333572291298,8.895912337895782,202.0249297710976
905,5.016828944620604,0.4613808532869441,2.64921288233868,164.4106340020447
906,1.2374497018648427,0.09033043055304013,2.087574541417958,318.47089605938044
907,5.71971783420868,0.7639264628192464,8.834216687421234,160.8650642521609
908,5.4403298087915095,2.488545508297329,6.251902590392212,17.067426582393868
909,2.905894668863636,5.1655665072160595,7.635834052630535,252.71085106256206
910,5.242515312179671,4.725954730942895,1.275122458266309,344.8180281248834
911,2.530029245035588,1.674486803939647,1.1441623874816786,161.81300950418412
912,1.9692829871297564,5.424128859200849,6.774315226431145,318.62242558257935
913,5.374348098624404,5.246456580269755,3.4013831907313996,178.35542488640584
914,3.905418856504099,2.5388693146131436,5.9049702449191,318.5613396658044
915,2.7640789873112537,3.585739348368424,4.362655580494482,199.18626946110749
916,4.68263807233694,3.8845949758524965,7.410303650494856,284.6371988785673
917,1.0832581613356582,0.8717945712283037,1.224197906375739,327.1106019445362
918,5.878627893843712,5.069512212720469,5.069768814205421,230.70197043599973
919,5.108401663745687,0.6191472737746746,4.614635404067105,171.75267961300125
920,2.8276982826978454,2.075463457603491,9.151739082157633,223.68446596053732
921,5.371283877661305,0.08479302125560961,2.5656450071619474,335.0631154306001
922,0.9460005400519269,3.444607093917356,4.892710823717085,266.3779745280579
923,0.6512375667096646,0.5346196471503324,2.176153977769608,268.84153299791035
924,5.020665540941176,2.6853487455652845,3.8036257581861355,74.56261589608903
925,2.96582690925025,5.657738830239506,4.464637771605081,208.17731229135845
926,1.4649978427478003,2.0323262247828664,9.092008399893356,309.90642372141315
927,3.2216653842738108,2.4192257992671133,1.6189842458238257,251.15883146401518
928,4.997851738236811,4.027841626152737,3.1802764572489925,60.995161708920485
929,1.4566912280761088,2.2759020609289573,8.139006314029418,162.41090849143217
930,1.1558683058582029,1.605046371038261,0.5784463730925826,159.77141381869077
931,0.5091372137733534,4.063430720794023,7.182042750793123,259.83648521289587
932,5.680809334715102,5.024260628379309,3.1891315354457914,120.69636485063704
933,1.7638584758782705,0.3005999262642587,1.740973256433449,222.76364395542788
934,4.045316627516932,2.1065019542533423,5.557603672474929,122.56153543388176
935,2.955351295449357,1.2422938045123162,0.9590005747280717,114.97008527010524
936,1.7181908865628963,3.705545969072481,2.2779684051367544,100.96139879264305
937,4.090955961407172,0.27764949667035843,3.731528096843688,44.371276812865105
938,4.284409869245329,0.45904064229519403,8.70582239453373,220.60894268022776
939,5.8507906195986905,0.7804264352161534,9.865381299008114,300.8171887637454
940,4.33585516753068,5.090700699193132,1.4210859292361178,132.57644965674268
941,0.9123544293274772,1.2069511497120642,5.552254224790132,308.2250680658874
942,0.38031310407480534,2.3220424359764675,3.938431037157563,146.2786982878491
943,4.521277784257482,1.0483963166123775,0.49384563462105846,261.09275634477416
944,2.762485943956932,2.9449474426106175,2.156224408546601,143.937934442892
945,5.033906368068864,3.799523211719669,6.381330184185706,333.1350495892353
946,4.941259703410829,4.361421014558596,9.267632682657815,252.46908762775854
947,4.033544768441224,3.59973717050607,3.510401166371395,179.1605156992816
948,3.9976706118486836,4.371411185679098,0.3004724367554634,249.65308344975597
949,4.480761568037659,0.83492768900104,7.610043998000213,98.2266369888633
950,5.562290429086683,0.6376225308411818,3.287328642127858,203.2324657752698
951,2.4889406933041154,3.0004660720241185,6.3801823096485135,334.61115440576026
952,2.3487225066315727,3.231547178341526,5.866086697644862,214.74355713144638
953,5.799049397910752,3.5919634562130254,9.044254616975625,304.8309150836187
954,3.386874193218163,3.3883843175144293,1.4850798985375036,80.051217860662
955,1.8486355095400067,2.7867500322774212,0.8979750401750963,48.46198799693583
956,0.6277898413993028,2.5942897243603102,2.351222282792439,99.74552408094502
957,5.255071637503798,4.0025239378695305,5.269436308029666,308.7807498171272
958,5.796639693291498,3.598615018192717,9.749255083885298,287.70842113893906
959,0.5573110051432553,3.3884514987881005,4.617392885306197,115.84183580903789
960,0.06645488642926956,0.7804350572380772,4.906126780585488,344.1281203904719
961,5.182855903379354,1.7236364555962858,3.342487583408099,233.16465501776264
962,1.3204655483817542,2.734572831159232,2.383949036469356,303.30581679292214
963,3.53070157761997,1.3617477976909511,7.67032408584953,316.2168671318076
964,1.357433350784681,0.823118669399924,7.4309500445010945,152.1602458601143
965,2.0072719497242413,5.653946432511212,5.280418868449329,196.78576291925663
966,0.32235234209013264,4.720215063154455,2.0355600042890067,161.1327047277101
967,2.6186892103775525,2.128268228422035,3.2493558579945137,180.66306422965386
968,5.467007840739408,2.438698474941055,6.899216030969769,263.0151856133113
969,4.275068308913987,1.7401460993608369,0.6507596174291785,179.34734151262884
970,1.7397422893075234,0.2293006730030407,8.840579208977404,275.9927656778453
971,3.757730581354015,4.305162176731739,5.952059281185655,300.9495816632479
972,1.455463958191041,5.1309779859421445,8.507713516890016,33.55119105723269
973,5.960505816851626,4.750351219964842,3.5864563397585525,105.32294381065421
974,4.852793344213941,4.780918299749421,7.873154234160088,15.667462577963175
975,1.2164996134236956,0.6124745510035456,1.1921863370583552,220.6657392237137
976,1.9770123774684822,3.2041871063668443,2.792073970461492,52.13896361356486
977,2.737791054373095,1.832833348446074,3.5097006027102875,151.18385143978873
978,2.7076710912550044,5.1839891688596484,3.461260197605407,9.883340365308815
979,2.7381374747924028,5.549770906975047,6.772193705971002,289.3885836273613
980,0.03190948075440336,5.169078768318549,5.028167422706643,214.76762046164765
981,4.977810107398287,1.1445380119712532,3.148823286914213,24.291238973137503
982,2.0951994537244096,2.1316283309094994,3.7212118053179335,267.491919873148
983,0.5436945808435998,5.046371305815724,8.793862824873141,309.05966725530357
984,1.0674227336217221,4.459107145709895,1.039253571886991,260.2797748487966
985,4.775752077488907,2.707293611817097,2.7302413611255716,179.60827800219437
986,0.8507885095187038,4.036895053755631,9.740214555199485,55.67940096796757
987,0.6497004109732945,1.2967220256800602,8.476243779957509,161.2967244324406
988,3.500276207158384,3.061518584245949,1.8919381825027137,308.264949302263
989,4.428715082123578,2.9917491322805487,1.5494017279877759,263.9880008188283
990,0.5528624159205171,0.6386692846087585,9.55153294425359,108.78709385063999
991,5.997572587977747,4.275754158213713,7.376009823754551,333.15915448618745
992,4.074153897857155,5.4826973422005025,2.47577174252981,235.14571551752042
993,4.866212029725531,1.3736137453481656,2.916780459769339,330.4779285378413
994,5.325073641686473,0.9026068437697075,8.582283144417273,307.4651364340992
995,3.331713899485576,1.7398448612976556,8.912751453470829,72.13779779034735
996,1.2099518727782441,2.746754123207496,5.680834236719813,96.20245364316773
997,3.255046666127506,2.065570702901467,7.5388881372484455,193.0421636077298
998,3.648755029784863,0.7810230816469477,1.2460366076790308,338.6634857832882
999,2.779154916395059,2.935479024984038,5.118728814958945,303.0563570600611
1000,4.299440684493363,5.079643295298013,8.877270563737836,92.03542190843137
